ID,nameFirst,nameMiddle,nameLast,nameInitials,sex,language,phoneNumber,email,loginName,Currency_code,salaryAmount,accountNumber,bankId,bankName,validFrom,validTo
550e8400-e29b-41d4-a716-446655440001,John,A,Smith,JS,M,EN,9876543210,john.smith@gmail.com,johns,USD,5000,100001,HDFC001,HDFC Bank,2024-01-01,2026-12-31
550e8400-e29b-41d4-a716-446655440002,Ram,B,Kumar,RK,M,EN,9876543211,ram.kumar@gmail.com,ramk,INR,4500,100002,SBI001,SBI Bank,2024-01-01,2026-12-31
550e8400-e29b-41d4-a716-446655440003,Sita,C,Patil,SP,F,EN,9876543212,sita.patil@gmail.com,sitap,INR,4700,100003,ICICI001,ICICI Bank,2024-01-01,2026-12-31
550e8400-e29b-41d4-a716-446655440004,Amit,D,Sharma,AS,M,EN,9876543213,amit.sharma@gmail.com,amits,USD,5200,100004,AXIS001,Axis Bank,2024-01-01,2026-12-31
550e8400-e29b-41d4-a716-446655440005,Priya,E,Joshi,PJ,F,EN,9876543214,priya.joshi@gmail.com,priyaj,EUR,4800,100005,KOTAK001,Kotak Bank,2024-01-01,2026-12-31
550e8400-e29b-41d4-a716-446655440006,Rohan,F,Verma,RV,M,EN,9876543215,rohan.verma@gmail.com,rohanv,USD,5300,100006,HDFC002,HDFC Bank,2024-01-01,2026-12-31
550e8400-e29b-41d4-a716-446655440007,Neha,G,Kale,NK,F,EN,9876543216,neha.kale@gmail.com,nehak,INR,4600,100007,SBI002,SBI Bank,2024-01-01,2026-12-31
550e8400-e29b-41d4-a716-446655440008,Vikas,H,Reddy,VR,M,EN,9876543217,vikas.reddy@gmail.com,vikasr,USD,5100,100008,ICICI002,ICICI Bank,2024-01-01,2026-12-31
550e8400-e29b-41d4-a716-446655440009,Anjali,I,Nair,AN,F,EN,9876543218,anjali.nair@gmail.com,anjalin,EUR,4950,100009,AXIS002,Axis Bank,2024-01-01,2026-12-31
550e8400-e29b-41d4-a716-446655440010,Karan,J,Mehta,KM,M,EN,9876543219,karan.mehta@gmail.com,karanm,USD,5400,100010,KOTAK002,Kotak Bank,2024-01-01,2026-12-31
550e8400-e29b-41d4-a716-446655440011,Deepak,K,Yadav,DY,M,EN,9876543220,deepak.yadav@gmail.com,deepaky,INR,4300,100011,HDFC003,HDFC Bank,2024-01-01,2026-12-31
550e8400-e29b-41d4-a716-446655440012,Pooja,L,Chavan,PC,F,EN,9876543221,pooja.chavan@gmail.com,poojac,EUR,5000,100012,SBI003,SBI Bank,2024-01-01,2026-12-31
550e8400-e29b-41d4-a716-446655440013,Arjun,M,Rao,AR,M,EN,9876543222,arjun.rao@gmail.com,arjunr,USD,5500,100013,ICICI003,ICICI Bank,2024-01-01,2026-12-31
550e8400-e29b-41d4-a716-446655440014,Sneha,N,Desai,SD,F,EN,9876543223,sneha.desai@gmail.com,snehad,INR,4700,100014,AXIS003,Axis Bank,2024-01-01,2026-12-31
550e8400-e29b-41d4-a716-446655440015,Raj,O,Patel,RP,M,EN,9876543224,raj.patel@gmail.com,rajp,USD,5600,100015,KOTAK003,Kotak Bank,2024-01-01,2026-12-31
550e8400-e29b-41d4-a716-446655440016,Kavita,P,Mane,KM,F,EN,9876543225,kavita.mane@gmail.com,kavitam,EUR,4900,100016,HDFC004,HDFC Bank,2024-01-01,2026-12-31
550e8400-e29b-41d4-a716-446655440017,Sachin,Q,Pawar,SP,M,EN,9876543226,sachin.pawar@gmail.com,sachinp,USD,5700,100017,SBI004,SBI Bank,2024-01-01,2026-12-31
550e8400-e29b-41d4-a716-446655440018,Meena,R,Kapoor,MK,F,EN,9876543227,meena.kapoor@gmail.com,meenak,INR,4500,100018,ICICI004,ICICI Bank,2024-01-01,2026-12-31
550e8400-e29b-41d4-a716-446655440019,Nikhil,S,More,NM,M,EN,9876543228,nikhil.more@gmail.com,nikhilm,USD,5800,100019,AXIS004,Axis Bank,2024-01-01,2026-12-31
550e8400-e29b-41d4-a716-446655440020,Rekha,T,Jain,RJ,F,EN,9876543229,rekha.jain@gmail.com,rekhaj,EUR,5100,100020,KOTAK004,Kotak Bank,2024-01-01,2026-12-31
550e8400-e29b-41d4-a716-446655440021,Akash,U,Gupta,AG,M,EN,9876543230,akash.gupta@gmail.com,akashg,USD,6000,100021,HDFC005,HDFC Bank,2024-01-01,2026-12-31
550e8400-e29b-41d4-a716-446655440022,Divya,V,Singh,DS,F,EN,9876543231,divya.singh@gmail.com,divyas,INR,4700,100022,SBI005,SBI Bank,2024-01-01,2026-12-31
550e8400-e29b-41d4-a716-446655440023,Mohan,W,Das,MD,M,EN,9876543232,mohan.das@gmail.com,mohand,USD,6200,100023,ICICI005,ICICI Bank,2024-01-01,2026-12-31
550e8400-e29b-41d4-a716-446655440024,Shweta,X,Rane,SR,F,EN,9876543233,shweta.rane@gmail.com,shwetar,EUR,5200,100024,AXIS005,Axis Bank,2024-01-01,2026-12-31
550e8400-e29b-41d4-a716-446655440025,Ajay,Y,Kulkarni,AK,M,EN,9876543234,ajay.kulkarni@gmail.com,ajayk,USD,6100,100025,KOTAK005,Kotak Bank,2024-01-01,2026-12-31
550e8400-e29b-41d4-a716-446655440026,Komal,Z,Shinde,KS,F,EN,9876543235,komal.shinde@gmail.com,komals,INR,4800,100026,HDFC006,HDFC Bank,2024-01-01,2026-12-31
550e8400-e29b-41d4-a716-446655440027,Ritesh,A1,Tiwari,RT,M,EN,9876543236,ritesh.tiwari@gmail.com,ritesht,USD,6300,100027,SBI006,SBI Bank,2024-01-01,2026-12-31
550e8400-e29b-41d4-a716-446655440028,Payal,B1,Mishra,PM,F,EN,9876543237,payal.mishra@gmail.com,payalm,EUR,5300,100028,ICICI006,ICICI Bank,2024-01-01,2026-12-31
550e8400-e29b-41d4-a716-446655440029,Manoj,C1,Saxena,MS,M,EN,9876543238,manoj.saxena@gmail.com,manojs,USD,6400,100029,AXIS006,Axis Bank,2024-01-01,2026-12-31
550e8400-e29b-41d4-a716-446655440030,Ritu,D1,Bhosale,RB,F,EN,9876543239,ritu.bhosale@gmail.com,ritub,INR,4900,100030,KOTAK006,Kotak Bank,2024-01-01,2026-12-31